epoch,train_loss
0,0.80070233
1,0.14295338
2,0.07389255
3,0.038204476
4,0.02477862
