epoch,train_loss
0,0.6352217
1,0.11833156
2,0.06837199
3,0.03641157
4,0.022284634
