epoch,train_loss
0,0.14773303
1,0.13520469
2,0.1309836
3,0.12753941
4,0.1269549
