epoch,train_loss
0,6.5042823E12
1,3.556936E10
2,2.1598086E8
3,689718.75
4,209823.48
