epoch,train_loss
0,3.4085116E11
1,1835.4827
2,21550.418
3,57.178482
4,307.54535
