epoch,train_loss
0,1.9709884E10
1,219.8804
2,0.21923651
3,11761.159
4,40.767025
5,206.24281
6,470.68408
7,813.25885
8,7.5493253E9
9,4660.615
10,0.0033968855
11,1.9694344E10
12,505.02878
13,1.6182451E8
14,1.3202767
15,1.5981486E11
16,0.0031570033
17,7.45122E10
18,0.0031137955
19,662786.7
