{
  "series" : {
    "loss" : [ 2.3250813, 2.313995, 2.304363, 2.3039503, 2.3035374, 2.3035061, 2.3039734, 2.3039622, 2.3039303, 2.303576, 2.303852, 2.303692, 2.3036678, 2.3028822, 2.303664, 2.3036938, 2.3031075, 2.3029246, 2.3028877, 2.3029747, 2.3028896, 2.3028688, 2.302878, 2.302877, 2.3028789, 2.302961, 2.3028746, 2.3030765, 2.302871, 2.3029258 ],
    "train_acc" : [ 0.09973333, 0.099, 0.0985, 0.098566666, 0.098916665, 0.098016664, 0.09736667, 0.098966666, 0.098516665, 0.10035, 0.09741667, 0.099766664, 0.098733336, 0.09906667, 0.09961667, 0.097166665, 0.09803333, 0.09906667, 0.099633336, 0.09858333, 0.09821667, 0.09935, 0.099, 0.09971666, 0.099366665, 0.09911667, 0.0979, 0.09888333, 0.09878334, 0.09793333 ],
    "test_acc" : [ 0.1002, 0.0991, 0.0997, 0.0996, 0.0997, 0.1004, 0.1007, 0.0998, 0.0994, 0.0999, 0.0992, 0.1, 0.0996, 0.0993, 0.0997, 0.1001, 0.0997, 0.0998, 0.1, 0.1001, 0.1001, 0.1004, 0.1, 0.1003, 0.0999, 0.1001, 0.1001, 0.1002, 0.1001, 0.1003 ]
  },
  "epochs" : [ 1, 2, 3, 4, 5, 6, 7, 8, 9, 10, 11, 12, 13, 14, 15, 16, 17, 18, 19, 20, 21, 22, 23, 24, 25, 26, 27, 28, 29, 30 ]
}