{
  "series" : {
    "loss" : [ 1.0125736, 0.43182197, 0.35021496, 0.30439562, 0.27631336, 0.2541825, 0.23709145, 0.2200271, 0.20811033, 0.20043194, 0.19129384, 0.18406866, 0.17177649, 0.17085019, 0.16643402 ],
    "train_acc" : [ 0.6562167, 0.8623833, 0.89103335, 0.90433335, 0.91415, 0.9198667, 0.92408335, 0.9306833, 0.93516666, 0.93616664, 0.93993336, 0.9417667, 0.94595, 0.9467667, 0.9471167 ],
    "test_acc" : [ 0.8515, 0.8734, 0.9098, 0.9212, 0.9219, 0.9343, 0.9149, 0.9435, 0.9456, 0.9461, 0.9452, 0.925, 0.9422, 0.9471, 0.9533 ]
  },
  "epochs" : [ 1, 2, 3, 4, 5, 6, 7, 8, 9, 10, 11, 12, 13, 14, 15 ]
}