{
  "series" : {
    "loss" : [ 1.0193392, 0.42556322, 0.3476341, 0.30020687, 0.2699235, 0.24999438, 0.23053011, 0.21725196, 0.20527819, 0.19360462, 0.18768369, 0.1858809, 0.17310329, 0.16687591, 0.1636714 ],
    "train_acc" : [ 0.6518, 0.86445, 0.8906, 0.9058667, 0.9155167, 0.92075, 0.92693335, 0.93231666, 0.93465, 0.93841666, 0.94026667, 0.941, 0.9457167, 0.94658333, 0.9486167 ],
    "test_acc" : [ 0.8486, 0.8735, 0.8981, 0.9159, 0.9217, 0.9293, 0.9337, 0.9351, 0.9462, 0.94, 0.942, 0.9351, 0.9471, 0.9404, 0.9519 ]
  },
  "epochs" : [ 1, 2, 3, 4, 5, 6, 7, 8, 9, 10, 11, 12, 13, 14, 15 ]
}