{
  "series" : {
    "loss" : [ 2.396173, 2.3421395, 2.3157973, 2.3061333, 2.298963, 2.2918048, 2.2847228, 2.2780724, 2.272215, 2.2673502, 2.2621486, 2.2565544, 2.2496476, 2.24048, 2.2319727, 2.2219932, 2.2105956, 2.1976297, 2.181632, 2.164534, 2.1474278, 2.1290636, 2.1107469, 2.0926707, 2.0758326, 2.0555289, 2.0395005, 2.0252488, 2.0034735, 1.9820898, 1.9665816, 1.940594, 1.9147099, 1.8941387, 1.878103, 1.86767, 1.8447195, 1.8000156, 1.7874107, 1.7700778, 1.7626821, 1.725614, 1.6814115, 1.637349, 1.6018634, 1.5858344, 1.5922756, 1.5928197, 1.5895164, 1.5995263 ],
    "train_acc" : [ 0.10181667, 0.10395, 0.09805, 0.119216666, 0.115216665, 0.118883334, 0.12596667, 0.13915, 0.14633334, 0.15956667, 0.20783333, 0.29225, 0.34161666, 0.33733332, 0.32945, 0.31441668, 0.30893335, 0.2992, 0.30341667, 0.30085, 0.2969, 0.30006668, 0.30566666, 0.30818334, 0.32065, 0.32771668, 0.33405, 0.33976668, 0.3466, 0.3481, 0.35143334, 0.35278332, 0.3595, 0.36288333, 0.36605, 0.3681, 0.37273332, 0.38456666, 0.3811, 0.38831666, 0.3873, 0.40031666, 0.41626668, 0.418, 0.4241, 0.42506668, 0.41755, 0.41926667, 0.41955, 0.4175 ],
    "test_acc" : [ 0.1, 0.0943, 0.1124, 0.1094, 0.1114, 0.1228, 0.1387, 0.1558, 0.1771, 0.1991, 0.2844, 0.3577, 0.3814, 0.3666, 0.3417, 0.3477, 0.3356, 0.3199, 0.32, 0.3172, 0.3276, 0.3296, 0.3361, 0.3392, 0.35, 0.3598, 0.366, 0.3727, 0.3737, 0.3838, 0.384, 0.3677, 0.3733, 0.3824, 0.3971, 0.4082, 0.4095, 0.4108, 0.4284, 0.4213, 0.4324, 0.4426, 0.4573, 0.439, 0.4631, 0.461, 0.4517, 0.4434, 0.4486, 0.4563 ]
  },
  "epochs" : [ 1, 2, 3, 4, 5, 6, 7, 8, 9, 10, 11, 12, 13, 14, 15, 16, 17, 18, 19, 20, 21, 22, 23, 24, 25, 26, 27, 28, 29, 30, 31, 32, 33, 34, 35, 36, 37, 38, 39, 40, 41, 42, 43, 44, 45, 46, 47, 48, 49, 50 ]
}